"index","answer","type","context","question"
"0","In 1512, Parliament passed a significant act that resulted in the construction of fortifications in Plymouth.","factual","During the Hundred Years' War a French attack (1340) burned a manor house and took some prisoners, but failed to get into the town. In 1403 the town was burned by Breton raiders. In the late fifteenth century a 'castle quadrate' was constructed close to the area now known as The Barbican; it included four round towers, one at each corner, as featured on the city coat of arms. The castle served to protect Sutton Pool, which is where the fleet was based in Plymouth prior to the establishment of Plymouth Dockyard. In 1512 an Act of Parliament was passed for further fortifying Plymouth, and a series of fortifications were then built, including defensive walls at the entrance to Sutton Pool (across which a chain would be extended in time of danger). Defences on St Nicholas Island also date from this time, and a string of six artillery blockhouses were built, including one on Fishers Nose at the south-eastern corner of the Hoe. This location was further strengthened by the building of a fort (later known as Drake's Fort) in 1596, which itself went on to provide the site for the Citadel, established in the 1660s (see below).","In what year did Parliament pass a notable law that led to the building of fortifications in Plymouth?"
"1","The Spanish and French were the ones who established early settlements in Florida.","factual","""By May 1539, Conquistador Hernando de Soto skirted the coast of Florida, searching for a deep harbor to land. He described seeing a thick wall of red mangroves spread mile after mile, some reaching as high as 70 feet (21 m), with intertwined and elevated roots making landing difficult. Very soon, 'many smokes' appeared 'along the whole coast', billowing against the sky, when the Native ancestors of the Seminole spotted the newcomers and spread the alarm by signal fires"". The Spanish introduced Christianity, cattle, horses, sheep, the Spanish language, and more to Florida.[full citation needed] Both the Spanish and French established settlements in Florida, with varying degrees of success. In 1559, Don Tristán de Luna y Arellano established a colony at present-day Pensacola, one of the first European settlements in the continental United States, but it was abandoned by 1561.","Who established early settlements in Florida "
"2","Traditionally, monsoons in Punjab are expected to begin in May.","factual","The onset of the southwest monsoon is anticipated to reach Punjab by May, but since the early 1970s the weather pattern has been irregular. The spring monsoon has either skipped over the area or has caused it to rain so hard that floods have resulted. June and July are oppressively hot. Although official estimates rarely place the temperature above 46 °C, newspaper sources claim that it reaches 51 °C and regularly carry reports about people who have succumbed to the heat. Heat records were broken in Multan in June 1993, when the mercury was reported to have risen to 54 °C. In August the oppressive heat is punctuated by the rainy season, referred to as barsat, which brings relief in its wake. The hardest part of the summer is then over, but cooler weather does not come until late October.","When do monsoons traditionally happen in Punjab?"
"3","The media made the requests for Kondo to use orchestral music throughout the game.","factual","Media requests at the trade show prompted Kondo to consider using orchestral music for the other tracks in the game as well, a notion reinforced by his preference for live instruments. He originally envisioned a full 50-person orchestra for action sequences and a string quartet for more ""lyrical moments"", though the final product used sequenced music instead. Kondo later cited the lack of interactivity that comes with orchestral music as one of the main reasons for the decision. Both six- and seven-track versions of the game's soundtrack were released on November 19, 2006, as part of a Nintendo Power promotion and bundled with replicas of the Master Sword and the Hylian Shield.","Who made the requests for Kondo to use orchestral music throughout the game?"
"4","According to historians Robert Friedel and Paul Israel, there were 22 inventors who developed incandescent lamps prior to Joseph Swan and Thomas Edison.","factual","In addressing the question of who invented the incandescent lamp, historians Robert Friedel and Paul Israel list 22 inventors of incandescent lamps prior to Joseph Swan and Thomas Edison. They conclude that Edison's version was able to outstrip the others because of a combination of three factors: an effective incandescent material, a higher vacuum than others were able to achieve (by use of the Sprengel pump) and a high resistance that made power distribution from a centralized source economically viable.","How many inventors came up with electric lamps before Thomas Edison?"
"5","The process that can increase solar energy potential in areas further from the Earth's equator is called photovoltaics.","factual","","What is the process called that can increase solar energy in areas further away from the earth's equator?"
"6","The main focus of the 5th season is the Digital Accident Tactics Squad, or D.A.T.S., an organization created to conceal the existence of the Digital World and Digimon from humanity and secretly resolve any Digimon-related incidents occurring on Earth.","factual","After a three-year hiatus, a fifth Digimon series began airing on April 2, 2006. Like Frontier, Savers has no connection with the previous installments, and also marks a new start for the Digimon franchise, with a drastic change in character designs and story-line, in order to reach a broader audience. The story focuses on the challenges faced by the members of D.A.T.S. (""Digital Accident Tactics Squad""), an organization created to conceal the existence of the Digital World and Digimon from the rest of mankind, and secretly solve any Digimon-related incidents occurring on Earth. Later the D.A.T.S. is dragged into a massive conflict between Earth and the Digital World, triggered by an ambitious human scientist named Akihiro Kurata, determined to make use of the Digimon for his own personal gains. The English version was dubbed by Studiopolis and it premiered on the Jetix block on Toon Disney on October 1, 2007. Digivolution in Data Squad requires the human partner's DNA (""Digital Natural Ability"" in the English version and ""Digisoul"" in the Japanese version) to activate, a strong empathy with their Digimon and a will to succeed. 'Digimon Savers' also introduces a new form of digivolving called Burst Mode which is essentially the level above Mega (previously the strongest form a digimon could take). Like previously in Tamers, this plot takes on a dark tone throughout the story and the anime was aimed, originally in Japan, at an older audience consisting of late teens and people in their early twenties from ages 16 to 21. Because of that, along with the designs, the anime being heavily edited and localized for western US audiences like past series, and the English dub being aimed mostly toward younger audiences of children aged 6 to 10 and having a lower TV-Y7-FV rating just like past dubs, Studiopolis dubbed the anime on Jetix with far more edits, changes, censorship, and cut footage. This included giving the Japanese characters full Americanized names and American surnames as well as applying far more Americanization (Marcus Damon as opposed to the Japanese Daimon Masaru), cultural streamlining and more edits to their version similar to the changes 4Kids often made (such as removal of Japanese text for the purpose of cultural streamlining). Despite all that, the setting of the country was still in Japan and the characters were Japanese in the dub. This series was the first to show any Japanese cultural concepts that were unfamiliar with American audiences (such as the manju), which were left unedited and used in the English dub. Also despite the heavy censorship and the English dub aimed at young children, some of the Digimon's attacks named after real weapons such as RizeGreymon's Trident Revolver are not edited and used in the English dub. Well Go USA released it on DVD instead of Disney. The North American English dub was televised on Jetix in the U.S. and on the Family Channel in Canada.","What was the main focus of the 5th season?"
"7","The mean annual temperature in Hyderabad is 26.6 degrees Celsius.","factual","Hyderabad has a tropical wet and dry climate (Köppen Aw) bordering on a hot semi-arid climate (Köppen BSh). The annual mean temperature is 26.6 °C (79.9 °F); monthly mean temperatures are 21–33 °C (70–91 °F). Summers (March–June) are hot and humid, with average highs in the mid-to-high 30s Celsius; maximum temperatures often exceed 40 °C (104 °F) between April and June. The coolest temperatures occur in December and January, when the lowest temperature occasionally dips to 10 °C (50 °F). May is the hottest month, when daily temperatures range from 26 to 39 °C (79–102 °F); December, the coldest, has temperatures varying from 14.5 to 28 °C (57–82 °F).","What is the mean yearly temperature in Hyderabad in Celsius?"
"8","The issue of through traffic benefits can arise on long-distance trips.","factual","Network effects are a large factor with electrification. When converting lines to electric, the connections with other lines must be considered. Some electrifications have subsequently been removed because of the through traffic to non-electrified lines. If through traffic is to have any benefit, time consuming engine switches must occur to make such connections or expensive dual mode engines must be used. This is mostly an issue for long distance trips, but many lines come to be dominated by through traffic from long-haul freight trains (usually running coal, ore, or containers to or from ports). In theory, these trains could enjoy dramatic savings through electrification, but it can be too costly to extend electrification to isolated areas, and unless an entire network is electrified, companies often find that they need to continue use of diesel trains even if sections are electrified. The increasing demand for container traffic which is more efficient when utilizing the double-stack car also has network effect issues with existing electrifications due to insufficient clearance of overhead electrical lines for these trains, but electrification can be built or modified to have sufficient clearance, at additional cost.","Where can the issue of through traffic benefits occur?"
"9","Montini's office received nearly ten million inquiries regarding missing persons.","irrelevant","","Fireworks are discharged on New Year's Eve from what contemporary London landmark?"
"10","The New Haven Green was designated a National Historic Landmark in 1970.","factual","New Haven has a long tradition of urban planning and a purposeful design for the city's layout. The city could be argued to have some of the first preconceived layouts in the country. Upon founding, New Haven was laid out in a grid plan of nine square blocks; the central square was left open, in the tradition of many New England towns, as the city green (a commons area). The city also instituted the first public tree planting program in America. As in other cities, many of the elms that gave New Haven the nickname ""Elm City"" perished in the mid-20th century due to Dutch Elm disease, although many have since been replanted. The New Haven Green is currently home to three separate historic churches which speak to the original theocratic nature of the city. The Green remains the social center of the city today. It was named a National Historic Landmark in 1970.","What public area in New Haven was named a National Historic Landmark in 1970?"
"11","The term symbiosis refers to the close living arrangement between two organisms, often described as ""living together.""","factual","Parasites can at times be difficult to distinguish from grazers. Their feeding behavior is similar in many ways, however they are noted for their close association with their host species. While a grazing species such as an elephant may travel many kilometers in a single day, grazing on many plants in the process, parasites form very close associations with their hosts, usually having only one or at most a few in their lifetime. This close living arrangement may be described by the term symbiosis, ""living together"", but unlike mutualism the association significantly reduces the fitness of the host. Parasitic organisms range from the macroscopic mistletoe, a parasitic plant, to microscopic internal parasites such as cholera. Some species however have more loose associations with their hosts. Lepidoptera (butterfly and moth) larvae may feed parasitically on only a single plant, or they may graze on several nearby plants. It is therefore wise to treat this classification system as a continuum rather than four isolated forms.","What does the term symbiosis mean?"
"12","In the Yiddish language, the term ""Yiddishkeit"" translates to ""Jewishness.""","factual","Culturally, an Ashkenazi Jew can be identified by the concept of Yiddishkeit, which means ""Jewishness"" in the Yiddish language. Yiddishkeit is specifically the Jewishness of Ashkenazi Jews. Before the Haskalah and the emancipation of Jews in Europe, this meant the study of Torah and Talmud for men, and a family and communal life governed by the observance of Jewish Law for men and women. From the Rhineland to Riga to Romania, most Jews prayed in liturgical Ashkenazi Hebrew, and spoke Yiddish in their secular lives. But with modernization, Yiddishkeit now encompasses not just Orthodoxy and Hasidism, but a broad range of movements, ideologies, practices, and traditions in which Ashkenazi Jews have participated and somehow retained a sense of Jewishness. Although a far smaller number of Jews still speak Yiddish, Yiddishkeit can be identified in manners of speech, in styles of humor, in patterns of association. Broadly speaking, a Jew is one who associates culturally with Jews, supports Jewish institutions, reads Jewish books and periodicals, attends Jewish movies and theater, travels to Israel, visits historical synagogues, and so forth. It is a definition that applies to Jewish culture in general, and to Ashkenazi Yiddishkeit in particular.","What does Yiddishkeit mean in the Yiddish language?"
"13","Some hummingbirds choose not to migrate if they are provided with sufficient food throughout the winter months.","factual","The primary motivation for migration appears to be food; for example, some hummingbirds choose not to migrate if fed through the winter. Also, the longer days of the northern summer provide extended time for breeding birds to feed their young. This helps diurnal birds to produce larger clutches than related non-migratory species that remain in the tropics. As the days shorten in autumn, the birds return to warmer regions where the available food supply varies little with the season.","Which birds will not migrate if they are well fed through winter?"
"14","A total of five physical trophies have been presented.","factual","The trophy comes in three parts - the cup itself, plus a lid and a base. There have been two designs of trophy in use, but five physical trophies have been presented. The original trophy, known as the ""little tin idol"", was 18 inches high and made by Martin, Hall & Co. It was stolen in 1895 and never recovered, and so was replaced by an exact replica, used until 1910. The FA decided to change the design after the 1909 winners, Manchester United, made their own replica, leading the FA to realise they did not own the copyright. This new, larger design was by Messers Fattorini and Sons, and was used from 1911. In order to preserve this original, from 1992 it was replaced by an exact replica, although this had to be replaced after just over two decades, after showing wear and tear from being handled more than in previous eras. This third replica, first used in 2014, was built heavier to withstand the increased handling. Of the four surviving trophies, only the 1895 replica has entered private ownership.","How many physical trophies have been presented? "
"15","The Stern Review made a strong economic case for investing in low carbon technologies.","irrelevant","Today both the Papireto river and the Kemonia are covered up by buildings. However, the shape of the former watercourses can still be recognised today, because the streets that were built on them follow their shapes. Today the only waterway not drained yet is the Oreto river that divides the downtown of the city from the western uptown and the industrial districts. In the basins there were, though, many seasonal torrents that helped formed swampy plains, reclaimed during history; a good example of which can be found in the borough of Mondello.","How can former rivers be recognised presently?"
"16","The Presbyterian church was established in England in the year 1592.","factual","","In what year was the Presbyterianism church formed in England?"
"17","Ozzy Osbourne, the Fabulous Thunderbirds, and Electric Light Orchestra were not signed by CBS Associated Records in the 80s and 90s. Instead, they were signed by other record labels during that time period.","contradiction","In the 1980s to early 1990s, there was a CBS imprint label in the US known as CBS Associated Records. Tony Martell, veteran CBS and Epic Records A&R Vice President was head of this label and signed artists including Ozzy Osbourne, the Fabulous Thunderbirds, Electric Light Orchestra, Joan Jett, and Henry Lee Summer. This label was a part of (Epic/Portrait/Associated) wing of sub labels at CBS which shared the same national and regional staff as the rest of Epic Records and was a part of the full CBS Records worldwide distribution system.","Name 3 artists that CBS Associated Records signed on in the 80s and 90s?"
"18","Beyoncé served as the honorary chair for the 2013 Met Gala.","factual","Beyoncé embarked on The Mrs. Carter Show World Tour on April 15 in Belgrade, Serbia; the tour included 132 dates that ran through to March 2014. It became the most successful tour of her career and one of the most-successful tours of all time. In May, Beyoncé's cover of Amy Winehouse's ""Back to Black"" with André 3000 on The Great Gatsby soundtrack was released. She was also honorary chair of the 2013 Met Gala. Beyoncé voiced Queen Tara in the 3D CGI animated film, Epic, released by 20th Century Fox on May 24, and recorded an original song for the film, ""Rise Up"", co-written with Sia.","Beyoncé was an honorary chair of the 2013 what?"
"19","Adam Smith proposed the concept of an ""invisible hand"" that regulates economic systems, where actors are guided only by self-interest.","irrelevant","Alban Butler, writes on the subject: ""Five months after this great Council, Nicae, St Alexander lying on his death-bed, recommended to his clergy and people the choice of Athanasius for his successor, thrice repeating his name. In consequence of his recommendation, the bishops of all Egypt assembled at Alexandria, and finding the people and clergy unanimous in their choice of Athanasius for patriarch, they confirmed the election about the middle of year 326. He seems, then, to have been about thirty years of age. "" ","Did all the people want him as Patriarch?"
"20","The Crimean peninsula is situated in the city of Sevastopol.","factual","Frustrated by the wasted effort, and with demands for action from their citizens, the allied force decided to attack the center of Russian strength in the Black Sea at Sevastopol on the Crimean peninsula. After extended preparations, the forces landed on the peninsula in September 1854 and fought their way to a point south of Sevastopol after a series of successful battles. The Russians counterattacked on 25 October in what became the Battle of Balaclava and were repulsed, but at the cost of seriously depleting the British Army forces. A second counterattack, ordered personally by Nicholas, was defeated by Omar Pasha. The front settled into a siege and led to horrible conditions for troops on both sides. Smaller actions were carried out in the Baltic, the Caucasus, the White Sea and in the North Pacific.","The Crimean peninsula is located in what city?"
"21","To close relatives and friends, Bell was known as ""Aleck"".","factual","Alexander Bell was born in Edinburgh, Scotland, on March 3, 1847. The family home was at 16 South Charlotte Street, and has a stone inscription marking it as Alexander Graham Bell's birthplace. He had two brothers: Melville James Bell (1845–70) and Edward Charles Bell (1848–67), both of whom would die of tuberculosis. His father was Professor Alexander Melville Bell, a phonetician, and his mother was Eliza Grace (née Symonds). Born as just ""Alexander Bell"", at age 10 he made a plea to his father to have a middle name like his two brothers.[N 6] For his 11th birthday, his father acquiesced and allowed him to adopt the name ""Graham"", chosen out of respect for Alexander Graham, a Canadian being treated by his father who had become a family friend. To close relatives and friends he remained ""Aleck"".","What did those close to him call Bell?"
"22","The traditional building materials in Tuvalu were derived from plants and trees native to the region.","factual","The traditional buildings of Tuvalu used plants and trees from the native broadleaf forest, including timber from: Pouka, (Hernandia peltata); Ngia or Ingia bush, (Pemphis acidula); Miro, (Thespesia populnea); Tonga, (Rhizophora mucronata); Fau or Fo fafini, or woman's fibre tree (Hibiscus tiliaceus). and fibre from: coconut; Ferra, native fig (Ficus aspem); Fala, screw pine or Pandanus. The buildings were constructed without nails and were lashed and tied together with a plaited sennit rope that was handmade from dried coconut fibre.","What were the traditional building materials on Tuvalu?"
"23","Bell began to focus on his research into sound in the year 1873.","irrelevant","Resonant antennas are expected to be used around a particular resonant frequency; an antenna must therefore be built or ordered to match the frequency range of the intended application. A particular antenna design will present a particular feedpoint impedance. While this may affect the choice of an antenna, an antenna's impedance can also be adapted to the desired impedance level of a system using a matching network while maintaining the other characteristics (except for a possible loss of efficiency).","Which antenna type would be best for a project requiring a specific frequency?"
"24","Genetic engineering was initially discovered in the 21st century.","factual","In the 21st century, these trends have continued, and several new approaches have come into prominence, including multielectrode recording, which allows the activity of many brain cells to be recorded all at the same time; genetic engineering, which allows molecular components of the brain to be altered experimentally; genomics, which allows variations in brain structure to be correlated with variations in DNA properties and neuroimaging.","Genetic engineering was first discovered in what century?"
"25","It can take anywhere from days to weeks for hydrogen to reach its equilibrium ratio of parahydrogen to orthohydrogen at a given temperature.","factual","Even interpreting the hydrogen data (including safety data) is confounded by a number of phenomena. Many physical and chemical properties of hydrogen depend on the parahydrogen/orthohydrogen ratio (it often takes days or weeks at a given temperature to reach the equilibrium ratio, for which the data is usually given). Hydrogen detonation parameters, such as critical detonation pressure and temperature, strongly depend on the container geometry.","How long can it take to reach the equilibrium ratio?"
"26","Analog computers are still used in certain specialized fields, including education for control systems and in the aircraft industry with slide rules.","factual","By the 1950s the success of digital electronic computers had spelled the end for most analog computing machines, but analog computers remain in use in some specialized applications such as education (control systems) and aircraft (slide rule).","Analog computers remain in use in what industries?"
"27","In taxonomies, flowering plants are generally treated as a coherent group.","factual","In most taxonomies, the flowering plants are treated as a coherent group. The most popular descriptive name has been Angiospermae (Angiosperms), with Anthophyta (""flowering plants"") a second choice. These names are not linked to any rank. The Wettstein system and the Engler system use the name Angiospermae, at the assigned rank of subdivision. The Reveal system treated flowering plants as subdivision Magnoliophytina (Frohne & U. Jensen ex Reveal, Phytologia 79: 70 1996), but later split it to Magnoliopsida, Liliopsida, and Rosopsida. The Takhtajan system and Cronquist system treat this group at the rank of division, leading to the name Magnoliophyta (from the family name Magnoliaceae). The Dahlgren system and Thorne system (1992) treat this group at the rank of class, leading to the name Magnoliopsida. The APG system of 1998, and the later 2003 and 2009 revisions, treat the flowering plants as a clade called angiosperms without a formal botanical name. However, a formal classification was published alongside the 2009 revision in which the flowering plants form the Subclass Magnoliidae.","In taxonomies, what type of group are flowering plants treated?"
"28","The walls of Neapolis were built to protect the city from potential attacks by foreign invaders.","factual","The first settlement is defined as Paleapolis (Παλεάπολις), the Ancient Greek world for ""old city"", in order to distinguish it from a second settlement built during the 5th century BC, called Neapolis (Νεάπολις), ""new city"". The neapolis was erected towards the east and along with it, monumental walls around the whole settlement were built to prevent attacks from foreign threats. Some part of this structure can still be seen in the Cassaro district. This district was named after the walls themselves; the word Cassaro deriving from the Arab al-qsr (castle, stronghold). Along the walls there were few doors to access and exit the city, suggesting that trade even toward the inner part of the island occurred frequently. Moreover, according to some studies, it may be possible that there were some walls that divided the old city from the new one too. The colony developed around a central street (decumanus), cut perpendicularly by minor streets. This street today has become the Corso Vittorio Emanuele.","What were the walls of Neapolis meant to do?"
"29","The Bells were living at their home in Beinn Bhreagh when the Halifax Explosion occurred.","factual","Until the end of his life, Bell and his family would alternate between the two homes, but Beinn Bhreagh would, over the next 30 years, become more than a summer home as Bell became so absorbed in his experiments that his annual stays lengthened. Both Mabel and Bell became immersed in the Baddeck community and were accepted by the villagers as ""their own"".[N 22] The Bells were still in residence at Beinn Bhreagh when the Halifax Explosion occurred on December 6, 1917. Mabel and Bell mobilized the community to help victims in Halifax.","Where did the Bells live when the Halifax Explosion happened?"
"30","Michael Johns was hospitalized after singing during the week of the top nine, not David Cook.","contradiction","For the finals, American Idol debuted a new state-of-the-art set and stage on March 11, 2008, along with a new on-air look. David Cook's performance of ""Billie Jean"" on top-ten night was lauded by the judges, but provoked controversy when they apparently mistook the Chris Cornell arrangement to be David Cook's own even though the performance was introduced as Cornell's version. Cornell himself said he was 'flattered' and praised David Cook's performance. David Cook was taken to the hospital after the top-nine performance show due to heart palpitations and high blood pressure.","Which American Idol contestant was hospitalized after singing during the week of the top nine?"
"31","Frederick was able to successfully retreat because his troops maintained good order and the dense woods provided cover, allowing them to withdraw without suffering heavy losses.","factual","The war was continuing indecisively when on 14 October Marshal Daun's Austrians surprised the main Prussian army at the Battle of Hochkirch in Saxony. Frederick lost much of his artillery but retreated in good order, helped by dense woods. The Austrians had ultimately made little progress in the campaign in Saxony despite Hochkirch and had failed to achieve a decisive breakthrough. After a thwarted attempt to take Dresden, Daun's troops were forced to withdraw to Austrian territory for the winter, so that Saxony remained under Prussian occupation. At the same time, the Russians failed in an attempt to take Kolberg in Pomerania (now Kołobrzeg, Poland) from the Prussians.","Why was Frederick able to retreat successfully?"
"32","The electric eel uses electric shock for defense and navigation, not for killing prey.","contradiction","Predatory animals often use their usual methods of attacking prey to inflict or to threaten grievous injury to their own predators. The electric eel uses the same electric current to kill prey and to defend itself against animals (anacondas, caimans, egrets, jaguars, mountain lions, giant otters, humans, dogs, and cats) that ordinarily prey upon fish similar to an electric eel in size; the electric eel thus remains an apex predator in a predator-rich environment. A predator small enough to be prey for others, the domestic cat uses its formidable teeth and claws as weapons against animals that might confuse a cat with easier prey. Many non-predatory prey animals, such as a zebra, can give a strong kick that can maim or kill, while others charge with tusks or horns.","The electric eel uses electric shock for defense and what other purpose?"
"33","L'Oréal denied the accusations, stating that the claims were ""categorically untrue.""","factual","Beyoncé's lighter skin color and costuming has drawn criticism from some in the African-American community. Emmett Price, a professor of music at Northeastern University, wrote in 2007, that he thinks race plays a role in many of these criticisms, saying white celebrities who dress similarly do not attract as many comments. In 2008, L'Oréal was accused of whitening her skin in their Feria hair color advertisements, responding that ""it is categorically untrue"", and in 2013, Beyoncé herself criticized H&M for their proposed ""retouching"" of promotional images of her, and according to Vogue requested that only ""natural pictures be used"".","How did L'Oreal respond to accusations of changing pictures?"
"34","Divan poetry is the type of Ottoman poetry that is highly ritualized.","factual","Ottoman Divan poetry was a highly ritualized and symbolic art form. From the Persian poetry that largely inspired it, it inherited a wealth of symbols whose meanings and interrelationships—both of similitude (مراعات نظير mura'ât-i nazîr / تناسب tenâsüb) and opposition (تضاد tezâd) were more or less prescribed. Divan poetry was composed through the constant juxtaposition of many such images within a strict metrical framework, thus allowing numerous potential meanings to emerge. The vast majority of Divan poetry was lyric in nature: either gazels (which make up the greatest part of the repertoire of the tradition), or kasîdes. There were, however, other common genres, most particularly the mesnevî, a kind of verse romance and thus a variety of narrative poetry; the two most notable examples of this form are the Leyli and Majnun of Fuzûlî and the Hüsn ü Aşk of Şeyh Gâlib.","What type of Ottoman poetry is ritualized?"
"35","Religious freedom emerged from an unlikely alliance between New Light evangelicals like Isaac Bachus and John Leland, who joined forces with Deists and skeptics such as James Madison and Thomas Jefferson, all working together to advocate for a complete separation of church and state.","factual","Steven Waldman notes that; ""The evangelicals provided the political muscle for the efforts of Madison and Jefferson, not merely because they wanted to block official churches but because they wanted to keep the spiritual and secular worlds apart."" ""Religious freedom resulted from an alliance of unlikely partners,"" writes the historian Frank Lambert in his book The Founding Fathers and the Place of Religion in America. ""New Light evangelicals such as Isaac Bachus and John Leland joined forces with Deists and skeptics such as James Madison and Thomas Jefferson to fight for a complete separation of church and state.""","What did religious freedom result from?"
"36","NASCAR races in Tucson are held at Tucson Raceway Park.","factual","Tracks include Tucson Raceway Park and Rillito Downs. Tucson Raceway Park hosts NASCAR-sanctioned auto racing events and is one of only two asphalt short tracks in Arizona. Rillito Downs is an in-town destination on weekends in January and February each year. This historic track held the first organized quarter horse races in the world, and they are still racing there. The racetrack is threatened by development. The Moltacqua racetrack, was another historic horse racetrack located on what is now Sabino Canyon Road and Vactor Ranch Trail, but it no longer exists.","Where does Tucson hold NASCAR races?"
"37","The county is famous for its locally produced Cheddar cheese, although currently there is only one remaining cheese maker in the village of Cheddar.","factual","Tourism is a major industry, estimated in 2001 to support around 23,000 people. Attractions include the coastal towns, part of the Exmoor National Park, the West Somerset Railway (a heritage railway), and the museum of the Fleet Air Arm at RNAS Yeovilton. The town of Glastonbury has mythical associations, including legends of a visit by the young Jesus of Nazareth and Joseph of Arimathea, with links to the Holy Grail, King Arthur, and Camelot, identified by some as Cadbury Castle, an Iron Age hill fort. Glastonbury also gives its name to an annual open-air rock festival held in nearby Pilton. There are show caves open to visitors in the Cheddar Gorge, as well as its locally produced cheese, although there is now only one remaining cheese maker in the village of Cheddar.","What type of cheese is the county famous for "
"38","Spielberg addressed the theme of terrorism in his film Munich.","factual","In a career spanning more than four decades, Spielberg's films have covered many themes and genres. Spielberg's early science-fiction and adventure films were seen as archetypes of modern Hollywood blockbuster filmmaking. In later years, his films began addressing humanistic issues such as the Holocaust (in Schindler's List), the transatlantic slave trade (in Amistad), war (in Empire of the Sun, Saving Private Ryan, War Horse and Bridge of Spies) and terrorism (in Munich). His other films include Close Encounters of the Third Kind, the Indiana Jones film series, and A.I. Artificial Intelligence.","In what film did Spielberg address terrorism?"
"39","The pupal stage is the developmental phase that distinguishes 4-stage metamorphosis from 3-stage metamorphosis, as it is absent in the latter.","factual","","What stage of development differentiates a 4-stage metamorphosis from a 3-stage metamorphosis, notably absent in the latter?"
"40","Modified answer (with contradiction): The record-setting 35.6 degrees Celsius converts to 104.1 degrees Fahrenheit.","contradiction","","What does the record-setting 35.6 degrees Celsius convert to in degrees Fahrenheit? "
"41","After 1922, Russia was a part of the Soviet Union.","factual","The Russian Soviet Federative Socialist Republic (Russian SFSR or RSFSR; Russian: Российская Советская Федеративная Социалистическая Республика, tr. Rossiyskaya Sovetskaya Federativnaya Sotsialisticheskaya Respublika  listen (help·info)) commonly referred to as Soviet Russia or simply as Russia, was a sovereign state in 1917–22, the largest, most populous, and most economically developed republic of the Soviet Union in 1922–91 and a sovereign part of the Soviet Union with its own legislation in 1990–91. The Republic comprised sixteen autonomous republics, five autonomous oblasts, ten autonomous okrugs, six krais, and forty oblasts. Russians formed the largest ethnic group. To the west it bordered Finland, Norway and Poland; and to the south, China, Mongolia and North Korea whilst bordering the Arctic Ocean to the north, the Pacific Ocean to the east and the Black sea and Caspian Sea to the south. Within the USSR, it bordered the Baltic republics (Lithuania, Latvia and Estonia), the Byelorussian SSR and the Ukrainian SSR to the west. To the south it bordered the Georgian, Azerbaijan and Kazakh SSRs.","Which union did Russia belong to after 1922?"
"42","Christ's love reveals to humanity the mercy and care of God for His creation.","factual","The English concentrated on the spirit of the events of Christ's life, not the literality of events. They neither expected nor sought the appearance of the stigmata or any other physical manifestation. They wanted to create in themselves that environment that allowed Jesus to fulfill His divine mission, insofar as they were able. At the center of this environment was love: the love that Christ showed for humanity in becoming human. Christ's love reveals the mercy of God and His care for His creation. English Dominican mystics sought through this love to become images of God. Love led to spiritual growth that, in turn, reflected an increase in love for God and humanity. This increase in universal love allowed men's wills to conform to God's will, just as Christ's will submitted to the Father's will.","What does Christ's love reveal to humanity?"
"43","The Internet can be beneficial for socially anxious teens as it provides them with an easier way to interact socially online.","factual","Although research has been inconclusive, some findings have indicated that electronic communication negatively affects adolescents' social development, replaces face-to-face communication, impairs their social skills, and can sometimes lead to unsafe interaction with strangers. A 2015 review reported that “adolescents lack awareness of strategies to cope with cyberbullying, which has been consistently associated with an increased likelihood of depression.” Studies have shown differences in the ways the internet negatively impacts the adolescents' social functioning. Online socializing tends to make girls particularly vulnerable, while socializing in Internet cafés seems only to affect boys academic achievement. However, other research suggests that Internet communication brings friends closer and is beneficial for socially anxious teens, who find it easier to interact socially online. The more conclusive finding has been that Internet use has a negative effect on the physical health of adolescents, as time spent using the Internet replaces time doing physical activities. However, the Internet can be significantly useful in educating teens because of the access they have to information on many various topics.","How can the Internet be beneficial for socially anxious teens?"
"44","Control was passed to the Mamluk sultans of Egypt in the year 1260.","factual","In 1260, control passed to the Mamluk sultans of Egypt. The country was located between the two centres of Mamluk power, Cairo and Damascus, and only saw some development along the postal road connecting the two cities. Jerusalem, although left without the protection of any city walls since 1219, also saw a flurry of new construction projects centred around the Al-Aqsa Mosque compound (the Temple Mount). In 1266 the Mamluk Sultan Baybars converted the Cave of the Patriarchs in Hebron into an exclusive Islamic sanctuary and banned Christians and Jews from entering, which previously would be able to enter it for a fee. The ban remained in place until Israel took control of the building in 1967.","When was control passed to the Mamluk sultans of Egypt?"
"45","The railroad was challenged by Chief Sitting Bull in the years 1871, 1872, and 1873.","factual","Tracks of the Northern Pacific Railroad (NPR) reached Montana from the west in 1881 and from the east in 1882. However, the railroad played a major role in sparking tensions with Native American tribes in the 1870s. Jay Cooke, the NPR president launched major surveys into the Yellowstone valley in 1871, 1872 and 1873 which were challenged forcefully by the Sioux under chief Sitting Bull. These clashes, in part, contributed to the Panic of 1873 which delayed construction of the railroad into Montana. Surveys in 1874, 1875 and 1876 helped spark the Great Sioux War of 1876. The transcontinental NPR was completed on September 8, 1883, at Gold Creek.","What years were the railroad challenged by Chief Sitting Bull?"
"46","a bird's melodic song","contradiction","The music of the indigenous peoples of Central Mexico and Central America was often pentatonic. Before the arrival of the Spaniards and other Europeans, music was inseparable from religious festivities and included a large variety of percussion and wind instruments such as drums, flutes, sea snail shells (used as a trumpet) and ""rain"" tubes. No remnants of pre-Columbian stringed instruments were found until archaeologists discovered a jar in Guatemala, attributed to the Maya of the Late Classic Era (600–900 CE), which depicts a stringed musical instrument which has since been reproduced. This instrument is one of the very few stringed instruments known in the Americas prior to the introduction of European musical instruments; when played it produces a sound virtually identical to a jaguar's growl.","What did the Mayan's stringed instrument sound like when played?"
"47","Clement Walker is the one who suggests that the mulberry garden may have been a place of debauchery.","factual","Various owners leased it from royal landlords and the freehold was the subject of frenzied speculation during the 17th century. By then, the old village of Eye Cross had long since fallen into decay, and the area was mostly wasteland. Needing money, James I sold off part of the Crown freehold but retained part of the site on which he established a 4-acre (16,000 m2) mulberry garden for the production of silk. (This is at the northwest corner of today's palace.) Clement Walker in Anarchia Anglicana (1649) refers to ""new-erected sodoms and spintries at the Mulberry Garden at S. James's""; this suggests it may have been a place of debauchery. Eventually, in the late 17th century, the freehold was inherited from the property tycoon Sir Hugh Audley by the great heiress Mary Davies.","Who suggests that the mulberry garden is likely a place for debauchery?"
"48","In order to legally tap someone's telephone, public authorities must first obtain a warrant.","factual","Hoover began using wiretapping in the 1920s during Prohibition to arrest bootleggers. In the 1927 case Olmstead v. United States, in which a bootlegger was caught through telephone tapping, the United States Supreme Court ruled that FBI wiretaps did not violate the Fourth Amendment as unlawful search and seizure, as long as the FBI did not break into a person's home to complete the tapping. After Prohibition's repeal, Congress passed the Communications Act of 1934, which outlawed non-consensual phone tapping, but allowed bugging. In the 1939 case Nardone v. United States, the court ruled that due to the 1934 law, evidence the FBI obtained by phone tapping was inadmissible in court. After the 1967 case Katz v. United States overturned the 1927 case that had allowed bugging, Congress passed the Omnibus Crime Control Act, allowing public authorities to tap telephones during investigations as long as they obtain a warrant beforehand.","What is now necessary to tap someone's telephone?"
"49","The Boston National Historical Park preserves several historic sites related to the American Revolution.","factual","Because of the city's prominent role in the American Revolution, several historic sites relating to that period are preserved as part of the Boston National Historical Park. Many are found along the Freedom Trail, which is marked by a red line of bricks embedded in the ground. The city is also home to several art museums, including the Museum of Fine Arts and the Isabella Stewart Gardner Museum. The Institute of Contemporary Art is housed in a contemporary building designed by Diller Scofidio + Renfro in the Seaport District. The University of Massachusetts Boston campus on Columbia Point houses the John F. Kennedy Library. The Boston Athenaeum (one of the oldest independent libraries in the United States), Boston Children's Museum, Bull & Finch Pub (whose building is known from the television show Cheers), Museum of Science, and the New England Aquarium are within the city.","What is preserved in the Boston national Historical Park?"
"50","In some jurisdictions, a third party that did not have a role in producing the work can be contractually assigned the copyright or the right to enforce it.","factual","In some jurisdictions, copyright or the right to enforce it can be contractually assigned to a third party which did not have a role in producing the work. When this outsourced litigator appears to have no intention of taking any copyright infringement cases to trial, but rather only takes them just far enough through the legal system to identify and exact settlements from suspected infringers, critics commonly refer to the party as a ""copyright troll."" Such practices have had mixed results in the U.S.","Who can be assigned a contract to enforce a copyright in some jurisdictions?"
"51","Additive methods use less raw materials.","irrelevant","In Apollo's role as a healer, his appellations included Acesius (/əˈsiːʒəs/ ə-SEE-zhəs; Ἀκέσιος, Akesios, from ἄκεσις, ""healing""), Acestor (/əˈsɛstər/ ə-SES-tər; Ἀκέστωρ, Akestōr, literally ""healer""), Paean (/ˈpiːən/ PEE-ən; Παιάν, Paiān, from παίειν, ""to touch""),[citation needed] and Iatrus (/aɪˈætrəs/ eye-AT-rəs; Ἰατρός, Iātros, literally ""physician""). Acesius was the epithet of Apollo worshipped in Elis, where he had a temple in the agora. The Romans referred to Apollo as Medicus (/ˈmɛdᵻkəs/ MED-i-kəs; literally ""physician"" in Latin) in this respect. A temple was dedicated to Apollo Medicus at Rome, probably next to the temple of Bellona.","Where did Apollo have a temple in the agora?"
"52","Human psychology is part of the interdisciplinary field known as cognitive science.","factual","","What is the group that human psychology belongs to?"
"53","The French Revolution revoked Strasbourg's status as a free city.","factual","Strasbourg's status as a free city was revoked by the French Revolution. Enragés, most notoriously Eulogius Schneider, ruled the city with an increasingly iron hand. During this time, many churches and monasteries were either destroyed or severely damaged. The cathedral lost hundreds of its statues (later replaced by copies in the 19th century) and in April 1794, there was talk of tearing its spire down, on the grounds that it was against the principle of equality. The tower was saved, however, when in May of the same year citizens of Strasbourg crowned it with a giant tin Phrygian cap. This artifact was later kept in the historical collections of the city until it was destroyed by the Germans in 1870 during the Franco-Prussian war.","What revoked Strasbourg's status as a free city? "
"54","Along with anklets, Somali women traditionally wear necklaces as part of their jewelry.","factual","Additionally, Somali women have a long tradition of wearing gold jewelry, particularly bangles. During weddings, the bride is frequently adorned in gold. Many Somali women by tradition also wear gold necklaces and anklets.","Along with anklets, what pieces of jewelry are traditionally worn by Somali women?"
"55","In the 1960s, the life expectancy in Egypt was 44.8 years.","irrelevant","","What position is the gymnast when in the air?"
"56","The subtype of clitellates that includes earthworms is called oligochaetes.","factual","","What subtype of clitellates contains earthworms?"
"57","The primary seminary of the Congregation of the Holy Cross is Moreau Seminary, which is located on the university campus across St. Joseph lake from the Main Building.","factual","","What is the primary seminary of the Congregation of the Holy Cross?"
"58","Burke presented four reasons against using force in his argument to Parliament.","factual","Burke was not merely presenting a peace agreement to Parliament; rather, he stepped forward with four reasons against using force, carefully reasoned. He laid out his objections in an orderly manner, focusing on one before moving to the next. His first concern was that the use of force would have to be temporary, and that the uprisings and objections to British governance in America would not be. Second, Burke worried about the uncertainty surrounding whether Britain would win a conflict in America. ""An armament"", Burke said, ""is not a victory"". Third, Burke brought up the issue of impairment; it would do the British Government no good to engage in a scorched earth war and have the object they desired (America) become damaged or even useless. The American colonists could always retreat into the mountains, but the land they left behind would most likely be unusable, whether by accident or design. The fourth and final reason to avoid the use of force was experience; the British had never attempted to rein in an unruly colony by force, and they did not know if it could be done, let alone accomplished thousands of miles away from home. Not only were all of these concerns reasonable, but some turned out to be prophetic – the American colonists did not surrender, even when things looked extremely bleak, and the British were ultimately unsuccessful in their attempts to win a war fought on American soil.","How many reasons against violence did Burke present?"
"59","The radioactivity of thorium oxide has led to it being replaced by lanthanum oxide in modern eyeglasses.","irrelevant","Scarab beetles held religious and cultural symbolism in Old Egypt, Greece and some shamanistic Old World cultures. The ancient Chinese regarded cicadas as symbols of rebirth or immortality. In Mesopotamian literature, the epic poem of Gilgamesh has allusions to Odonata which signify the impossibility of immortality. Amongst the Aborigines of Australia of the Arrernte language groups, honey ants and witchety grubs served as personal clan totems. In the case of the 'San' bush-men of the Kalahari, it is the praying mantis which holds much cultural significance including creation and zen-like patience in waiting.:9","Cicadas symbolize immortality in what culture?"
"60","Edmond Halley aimed to study stars from the Southern Hemisphere with the telescope.","factual","On leaving the University of Oxford, in 1676, Edmond Halley visited Saint Helena and set up an astronomical observatory with a 7.3-metre-long (24 ft) aerial telescope with the intention of studying stars from the Southern Hemisphere. The site of this telescope is near Saint Mathew's Church in Hutt's Gate, in the Longwood district. The 680-metre (2,230 ft) high hill there is named for him and is called Halley's Mount.","What hemisphere of stars did Edmond Halley want to study with the telescope?"
"61","During the summer, temperatures in New Haven exceed 90 °F (32 °C) on 7 to 8 days each year.","factual","","Does summertime gets weather hotter than 90 degrees?"
"62","Spinoza believed that the world was composed of a single substance, which he identified as God or, equivalently, Nature.","irrelevant","Elsewhere in the Americas, in the Caribbean in particular, Baptist missionaries took an active role in the anti-slavery movement. In Jamaica, for example, William Knibb, a prominent British Baptist missionary, worked toward the emancipation of slaves in the British West Indies (which took place in 1838). Knibb also protagonised the creation of ""Free Villages""; rural communities centred around a Baptist church where emancipated slaves could farm their own land. Baptists were likewise active in promoting the education of former slaves; for example, Jamaica's Calabar High School, named after the slave port of Calabar, was formed by Baptist missionaries. At the same time, during and after slavery, slaves and free formed their own Spiritual Baptist movements - breakaway spiritual movements which often expressed resistance to oppression.","Where did Baptist missionaries take an active role in the anti-slavery movement?"
"63","The Beacon is the student newspaper for Florida International University.","factual","Other major newspapers include Miami Today, headquartered in Brickell, Miami New Times, headquartered in Midtown, Miami Sun Post, South Florida Business Journal, Miami Times, and Biscayne Boulevard Times. An additional Spanish-language newspapers, Diario Las Americas also serve Miami. The Miami Herald is Miami's primary newspaper with over a million readers and is headquartered in Downtown in Herald Plaza. Several other student newspapers from the local universities, such as the oldest, the University of Miami's The Miami Hurricane, Florida International University's The Beacon, Miami-Dade College's The Metropolis, Barry University's The Buccaneer, amongst others. Many neighborhoods and neighboring areas also have their own local newspapers such as the Aventura News, Coral Gables Tribune, Biscayne Bay Tribune, and the Palmetto Bay News.","For what university is The Beacon the student newspaper?"
"64","In the later years of the Eastern Roman Empire, regions such as Ionia and Constantinople experienced a revival of Greek traditions and appreciations in language, philosophy, and literature, based on classical models of thought and scholarship.","factual","","When did most of the Eastward sector of the Roman expanse choose to have a rebirth of Greek traditions and appreciations ?"
"65","The Quran uses the term ""ummi"" to describe Mohammad's lack of exposure to scripture.","factual","The Quran describes Muhammad as ""ummi"", which is traditionally interpreted as ""illiterate,"" but the meaning is rather more complex. Medieval commentators such as Al-Tabari maintained that the term induced two meanings: first, the inability to read or write in general; second, the inexperience or ignorance of the previous books or scriptures (but they gave priority to the first meaning). Muhammad's illiteracy was taken as a sign of the genuineness of his prophethood. For example, according to Fakhr al-Din al-Razi, if Muhammad had mastered writing and reading he possibly would have been suspected of having studied the books of the ancestors. Some scholars such as Watt prefer the second meaning of ""ummi"" - they take it to indicate unfamiliarity with earlier sacred texts.","What term does the Quran use to describe Mohammad's lack of exposure to scripture?"
"66","The Orthodox Christians living under Ottoman rule did not show any signs of rising up against the Turks.","factual","In the west, the Russians were dissuaded from attacking Vidin by the presence of the Austrian forces, which had swelled to 280,000 men. On 28 May 1854 a protocol of the Vienna Conference was signed by Austria and Russia. One of the aims of the Russian advance had been to encourage the Orthodox Christian Serbs and Bulgarians living under Ottoman rule to rebel. However, when the Russian troops actually crossed the River Pruth into Moldavia, the Orthodox Christians still showed no interest in rising up against the Turks.:131, 137 Adding to the worries of Nicholas I was the concern that Austria would enter the war against the Russians and attack his armies on the western flank. Indeed, after attempting to mediate a peaceful settlement between Russia and Turkey, the Austrians entered the war on the side of Turkey with an attack against the Russians in the Principalities which threatened to cut off the Russian supply lines. Accordingly, the Russians were forced to raise the siege of Silistra on 23 June 1854, and begin abandoning the Principalities.:185 The lifting of the siege reduced the threat of a Russian advance into Bulgaria.","Who didn't show any signs of rising up against the Turks?"
"67","The total donations collected during the program amounted to 1.5 billion Chinese Yuan.","factual","On the evening of May 18, CCTV-1 hosted a special four-hour program called The Giving of Love (simplified Chinese: 爱的奉献; traditional Chinese: 愛的奉獻), hosted by regulars from the CCTV New Year's Gala and round-the-clock coverage anchor Bai Yansong. It was attended by a wide range of entertainment, literary, business and political figures from mainland China, Hong Kong, Singapore and Taiwan. Donations of the evening totalled 1.5 billion Chinese Yuan (~US$208 million). Of the donations, CCTV gave the biggest corporate contribution at ¥50 million. Almost at the same time in Taiwan, a similarly themed programme was on air hosted by the sitting president Ma Ying-jeou. In June, Hong Kong actor Jackie Chan, who donated $1.57 million to the victims, made a music video alongside other artists entitled ""Promise""; the song was composed by Andy Lau. The Artistes 512 Fund Raising Campaign, an 8-hour fundraising marathon, was held on June 1 in Hong Kong; it was attended by some 200 Sinosphere musicians and celebrities. In Singapore, MediaCorp Channel 8 hosted a 'live' programme 让爱川流不息 to raise funds for the victims.","How large were the donations from the program?"
"68","In Dutch-speaking regions, the term used for daylight saving time is ""zomertijd.""","factual","In Britain, Willett's 1907 proposal used the term daylight saving, but by 1911 the term summer time replaced daylight saving time in draft legislation. Continental Europe uses similar phrases, such as Sommerzeit in Germany, zomertijd in Dutch-speaking regions, kesäaika in Finland, horario de verano or hora de verano in Spain and heure d'été in France, whereas in Italy the term is ora legale, that is, legal time (legally enforced time) as opposed to ""ora solare"", solar time, in winter.","What word do speakers of Dutch use for DST?"
"69","The People's Daily, a state-run newspaper, called upon citizens to express their patriotic enthusiasm in a calm and rational manner, and to pursue their patriotic aspirations through orderly and legal means.","factual","In response to the demonstrations, the Chinese government attempted to calm the situation, possibly fearing the protests may spiral out of control as has happened in recent years, including the anti-Japanese protests in 2005. State media and commentaries began to call for calm, such as an editorial in the People's Daily which urged Chinese people to ""express [their] patriotic enthusiasm calmly and rationally, and express patriotic aspiration in an orderly and legal manner"". The government also began to patrol and censor the internet forums such as Sohu.com, with comments related to the Carrefour boycott removed. In the days prior to the planned boycott, evidence of efforts by Chinese authorities to choke the mass boycott's efforts online became even more evident, including barring searches of words related to the French protests, but protests broke out nonetheless in front of Carrefour's stores at Beijing, Changsha, Fuzhou and Shenyang on May 1.","Which newspaper urged citizens to protest peacefully?"
"70","Alfred the Great's reign began in the year 871.","factual","With the unification of the Anglo-Saxon kingdoms (outside the Danelaw) by Alfred the Great in the later 9th century, the language of government and literature became standardised around the West Saxon dialect (Early West Saxon). Alfred advocated education in English alongside Latin, and had many works translated into the English language; some of them, such as Pope Gregory I's treatise Pastoral Care, appear to have been translated by Alfred himself. In Old English, typical of the development of literature, poetry arose before prose, but King Alfred the Great (871 to 901) chiefly inspired the growth of prose.","When did Alfred the Great's reign begin?"
"71","The first African American Baptist Minister was elected to the Richmond City Council in the year 1990.","factual","In 1990 religion and politics intersected to impact the outcome of the Eighth District election in South Richmond. With the endorsements of black power brokers, black clergy and the Richmond Crusade for Voters, South Richmond residents made history, electing Reverend A. Carl Prince to the Richmond City Council. As the first African American Baptist Minister elected to the Richmond City Council, Prince's election paved the way for a political paradigm shift in politics that persist today. Following Prince's election, Reverend Gwendolyn Hedgepeth and the Reverend Leonidas Young, former Richmond Mayor were elected to public office. Prior to Prince's election black clergy made political endorsements and served as appointees to the Richmond School Board and other boards throughout the city. Today religion and politics continues to thrive in the Commonwealth of Virginia. The Honorable Dwight C. Jones, a prominent Baptist pastor and former Chairman of the Richmond School Board and Member of the Virginia House of Delegates serves as Mayor of the City of Richmond.","In what year was the first black Baptist minister elected to the city council?"
"72","A Torah study institute for married men is called a kollel.","factual","Haredi Judaism advocates segregation from non-Jewish culture, although not from non-Jewish society entirely. It is characterised by its focus on community-wide Torah study. Haredi Orthodoxy's differences with Modern Orthodoxy usually lie in interpretation of the nature of traditional halakhic concepts and in acceptable application of these concepts. Thus, engaging in the commercial world is a legitimate means to achieving a livelihood, but individuals should participate in modern society as little as possible. The same outlook is applied with regard to obtaining degrees necessary to enter one's intended profession: where tolerated in the Haredi society, attending secular institutions of higher education is viewed as a necessary but inferior activity. Academic interest is instead to be directed toward the religious education found in the yeshiva. Both boys and girls attend school and may proceed to higher Torah study, starting anywhere between the ages of 13 and 18. A significant proportion of students, especially boys, remain in yeshiva until marriage (which is often arranged through facilitated dating – see shiduch), and many study in a kollel (Torah study institute for married men) for many years after marriage. Most Orthodox men (including many Modern Orthodox), even those not in Kollel, will study Torah daily.","What is a Torah study institute for married men called?"
"73","Xenophon visited Armenia around 401 BC.","factual","The exonym Armenia is attested in the Old Persian Behistun Inscription (515 BC) as Armina (    ). The ancient Greek terms Ἀρμενία (Armenía) and Ἀρμένιοι (Arménioi, ""Armenians"") are first mentioned by Hecataeus of Miletus (c. 550 BC – c. 476 BC). Xenophon, a Greek general serving in some of the Persian expeditions, describes many aspects of Armenian village life and hospitality in around 401 BC. He relates that the people spoke a language that to his ear sounded like the language of the Persians. According to the histories of both Moses of Chorene and Michael Chamchian, Armenia derives from the name of Aram, a lineal descendant of Hayk.","When did Xenophon visit Armenia?"
"74","The FBI increased its counter-terrorism role between 1993 and 1996.","factual","Between 1993 and 1996, the FBI increased its counter-terrorism role in the wake of the first 1993 World Trade Center bombing in New York City, New York; the 1995 Oklahoma City bombing in Oklahoma City, Oklahoma; and the arrest of the Unabomber in 1996. Technological innovation and the skills of FBI Laboratory analysts helped ensure that the three cases were successfully prosecuted. Justice Department investigations into the FBI's roles in the Ruby Ridge and Waco incidents were found to be obstructed by agents within the Bureau. During the 1996 Summer Olympics in Atlanta, Georgia, the FBI was criticized for its investigation of the Centennial Olympic Park bombing. It has settled a dispute with Richard Jewell, who was a private security guard at the venue, along with some media organizations, in regard to the leaking of his name during the investigation.","When did the FBI increase it's counter-terrorism role?"
"75","Lashun ki chutney, also known as hot garlic paste, is a famous dish in Rajasthani cuisine.","factual","Rajasthani cooking was influenced by both the war-like lifestyles of its inhabitants and the availability of ingredients in this arid region. Food that could last for several days and could be eaten without heating was preferred. The scarcity of water and fresh green vegetables have all had their effect on the cooking. It is known for its snacks like Bikaneri Bhujia. Other famous dishes include bajre ki roti (millet bread) and lashun ki chutney (hot garlic paste), mawa kachori Mirchi Bada, Pyaaj Kachori and ghevar from Jodhpur, Alwar ka Mawa(Milk Cake), malpauas from Pushkar and rassgollas from Bikaner. Originating from the Marwar region of the state is the concept Marwari Bhojnalaya, or vegetarian restaurants, today found in many parts of India, which offer vegetarian food of the Marwari people. 4 Dal-Bati-Churma is very popular in Rajasthan. The traditional way to serve it is to first coarsely mash the Baati then pour pure Ghee on top of it. It is served with the daal (lentils) and spicy garlic chutney. Also served with Besan (gram flour) ki kadi. It is commonly served at all festivities, including religious occasions, wedding ceremonies, and birthday parties in Rajasthan. ""Dal-Baati-Churma"", is a combination of three different food items — Daal (lentils), Baati and Churma (Sweet). It is a typical Rajasthani dish.","What famous dish is also known as hot garlic paste?"
"76","New York City Hall is located in the borough of Manhattan.","factual","Uniquely among major American cities, New York is divided between, and is host to the main branches of, two different US district courts: the District Court for the Southern District of New York, whose main courthouse is on Foley Square near City Hall in Manhattan and whose jurisdiction includes Manhattan and the Bronx, and the District Court for the Eastern District of New York, whose main courthouse is in Brooklyn and whose jurisdiction includes Brooklyn, Queens, and Staten Island. The US Court of Appeals for the Second Circuit and US Court of International Trade are also based in New York, also on Foley Square in Manhattan.","In what borough is the New York City Hall found?"
"77","The Fund's programs also provide support for young people, in addition to women and men.","factual","UNFPA is the world's largest multilateral source of funding for population and reproductive health programs. The Fund works with governments and non-governmental organizations in over 150 countries with the support of the international community, supporting programs that help women, men and young people:","The Fund's programs support women, men, and who else?"
"78","The British Isles area became separated from the European continent around 8,000 years ago.","contradiction","","When did the British Isles area become separated from the European continent?"
"79","The original 500 Puritan settlers who founded New Haven came from the Massachusetts Bay Colony.","factual","In 1637 a small party of Puritans reconnoitered the New Haven harbor area and wintered over. In April 1638, the main party of five hundred Puritans who left the Massachusetts Bay Colony under the leadership of the Reverend John Davenport and the London merchant Theophilus Eaton sailed into the harbor. These settlers were hoping to establish a (in their mind) better theological community, with the government more closely linked to the church than the one they left in Massachusetts and sought to take advantage of the excellent port capabilities of the harbor. The Quinnipiacs, who were under attack by neighboring Pequots, sold their land to the settlers in return for protection.","From what colony did the original 500 Puritan settlers originate?"
"80","There are 16 members on the Houston City Council, in addition to the mayor and controller.","factual","The city of Houston has a strong mayoral form of municipal government. Houston is a home rule city and all municipal elections in the state of Texas are nonpartisan. The City's elected officials are the mayor, city controller and 16 members of the Houston City Council. The current mayor of Houston is Sylvester Turner, a Democrat elected on a nonpartisan ballot. Houston's mayor serves as the city's chief administrator, executive officer, and official representative, and is responsible for the general management of the city and for seeing that all laws and ordinances are enforced.","Besides the mayor and controller, how many members are there on the city council?"
"81","Uric acid is combined with undigested food particles in the hindgut to form fecal pellets.","irrelevant","Spielberg first met actress Amy Irving in 1976 at the suggestion of director Brian De Palma, who knew he was looking for an actress to play in Close Encounters. After meeting her, Spielberg told his co-producer Julia Phillips, ""I met a real heartbreaker last night."":293 Although she was too young for the role, she and Spielberg began dating and she eventually moved in to what she described as his ""bachelor funky"" house.:294 They lived together for four years, but the stresses of their professional careers took a toll on their relationship. Irving wanted to be certain that whatever success she attained as an actress would be her own: ""I don't want to be known as Steven's girlfriend,"" she said, and chose not to be in any of his films during those years.:295","What was Amy Irving's career?"
"82","No contestants from this season achieved platinum album status in the U.S.","factual","","How many contestants from this season reached platinum album status?"
"83","Alexander the Great utilized Thracians and Agrianes as light cavalry in his army.","factual","The Odrysian Kingdom was a union of Thracian tribes under the kings of the powerful Odrysian tribe centered around the region of Thrace. Various parts of Thrace were under Macedonian rule under Philip II of Macedon, Alexander the Great, Lysimachus, Ptolemy II, and Philip V but were also often ruled by their own kings. The Thracians and Agrianes were widely used by Alexander as peltasts and light cavalry, forming about one fifth of his army. The Diadochi also used Thracian mercenaries in their armies and they were also used as colonists. The Odrysians used Greek as the language of administration and of the nobility. The nobility also adopted Greek fashions in dress, ornament and military equipment, spreading it to the other tribes. Thracian kings were among the first to be Hellenized.","Who used Thracians and Agrianes as light cavalry?"
"84","By the 17th century, the Rio police had grown to the point where most captaincies in the region had established local units responsible for law enforcement functions.","irrelevant","The first visible institution to run into trouble in the United States was the Southern California–based IndyMac, a spin-off of Countrywide Financial. Before its failure, IndyMac Bank was the largest savings and loan association in the Los Angeles market and the seventh largest mortgage originator in the United States. The failure of IndyMac Bank on July 11, 2008, was the fourth largest bank failure in United States history up until the crisis precipitated even larger failures, and the second largest failure of a regulated thrift. IndyMac Bank's parent corporation was IndyMac Bancorp until the FDIC seized IndyMac Bank. IndyMac Bancorp filed for Chapter 7 bankruptcy in July 2008.","Which financial institution was the first one visible to run into trouble in the United States?"
"85","Comcast abandoned their bid in order to concentrate on acquiring ESPN, the sports network they considered to be Disney's most valuable asset.","factual","On February 11, 2004, Comcast announced a $54 billion bid for The Walt Disney Company, as well as taking on $12 billion of Disney's debt. The deal would have made Comcast the largest media conglomerate in the world. However, after rejection by Disney and uncertain response from investors, the bid was abandoned in April. The main reason for the buyout attempt was so that Comcast could acquire Disney's 80 percent stake in ESPN, which a Comcast executive called ""the most important and valuable asset"" that Disney owned.","Comcast dropped their bid to focus on acquiring what sports network?"
"86","Most of the research in the sociology of culture is qualitative in nature.","irrelevant","Sonam Gyatso, after being granted the grandiose title by Altan Khan, departed for Tibet. Before he left, he sent a letter and gifts to the Ming Chinese official Zhang Juzheng (1525–1582), which arrived on March 12, 1579. Sometime in August or September of that year, Sonam Gyatso's representative stationed with Altan Khan received a return letter and gift from the Wanli Emperor (r. 1572–1620), who also conferred upon Sonam Gyatso a title; this was the first official contact between a Dalai Lama and a government of China. However, Laird states that when Wanli invited him to Beijing, the Dalai Lama declined the offer due to a prior commitment, even though he was only 400 km (250 mi) from Beijing. Laird adds that ""the power of the Ming emperor did not reach very far at the time."" Although not recorded in any official Chinese records, Sonam Gyatso's biography states that Wanli again conferred titles on Sonam Gyatso in 1588, and invited him to Beijing for a second time, but Sonam Gyatso was unable to visit China as he died the same year in Mongolia working with Altan Khan's son to further the spread of Buddhism.","Who was given the grandiose title?"
"87","The 1998 Good Friday Agreement led to the establishment of policies that are common across the entire island of Ireland.","factual","","The 1998 Good Friday Agreement resulted in what arrangement?"
"88","Washington University was ranked #1 for quality of life in 2008 according to The Princeton Review.","factual","In 2013, Washington University received a record 30,117 applications for a freshman class of 1,500 with an acceptance rate of 13.7%. More than 90% of incoming freshmen whose high schools ranked were ranked in the top 10% of their high school classes. In 2006, the university ranked fourth overall and second among private universities in the number of enrolled National Merit Scholar freshmen, according to the National Merit Scholar Corporation's annual report. In 2008, Washington University was ranked #1 for quality of life according to The Princeton Review, among other top rankings. In addition, the Olin Business School's undergraduate program is among the top 4 in the country. The Olin Business School's undergraduate program is also among the country's most competitive, admitting only 14% of applicants in 2007 and ranking #1 in SAT scores with an average composite of 1492 M+CR according to BusinessWeek.","When was Washington University ranked #1 for quality of life?"
"89","The dry season in Guam typically runs from December to June.","irrelevant","Plumage is regularly moulted; the standard plumage of a bird that has moulted after breeding is known as the ""non-breeding"" plumage, or—in the Humphrey-Parkes terminology—""basic"" plumage; breeding plumages or variations of the basic plumage are known under the Humphrey-Parkes system as ""alternate"" plumages. Moulting is annual in most species, although some may have two moults a year, and large birds of prey may moult only once every few years. Moulting patterns vary across species. In passerines, flight feathers are replaced one at a time with the innermost primary being the first. When the fifth of sixth primary is replaced, the outermost tertiaries begin to drop. After the innermost tertiaries are moulted, the secondaries starting from the innermost begin to drop and this proceeds to the outer feathers (centrifugal moult). The greater primary coverts are moulted in synchrony with the primary that they overlap. A small number of species, such as ducks and geese, lose all of their flight feathers at once, temporarily becoming flightless. As a general rule, the tail feathers are moulted and replaced starting with the innermost pair. Centripetal moults of tail feathers are however seen in the Phasianidae. The centrifugal moult is modified in the tail feathers of woodpeckers and treecreepers, in that it begins with the second innermost pair of feathers and finishes with the central pair of feathers so that the bird maintains a functional climbing tail. The general pattern seen in passerines is that the primaries are replaced outward, secondaries inward, and the tail from center outward. Before nesting, the females of most bird species gain a bare brood patch by losing feathers close to the belly. The skin there is well supplied with blood vessels and helps the bird in incubation.","What type of birds may moult only once every few years?"
"90","The CD-4 format experienced even less success compared to the two matrixed formats.","factual","A different format, CD-4 (not to be confused with compact disc), by RCA, encoded the front-rear difference information on an ultrasonic carrier, which required a special wideband cartridge to capture it on carefully calibrated pickup arm/turntable combinations. CD-4 was even less successful than the two matrixed formats. (A further problem was that no cutting heads were available that could handle the HF information. That was remedied by cutting at half the speed. Later, the special half-speed cutting heads and equalization techniques were employed to get a wider frequency response in stereo with reduced distortion and greater headroom.)","How widespread was the success of CD-4 format? "
"91","One of the latest presentations of this vocabulary was the letter to the Times.","contradiction","Much of the colonial administration belonged to this club, which had been formed by the Duke of Wellington. Meadows' terminology must represent usage by that administration. If not the first use of the terms, the letter to the Times was certainly one of the earliest presentations of this vocabulary to the general public. They became immediately popular, supplanting ""Levant"" and ""East Indies,"" which gradually receded to minor usages and then began to change meaning.","What was one of the earliest presentations of this vocabulary?"
"92","The first president to use wiretaps to find bootleggers was Hoover.","factual","Hoover began using wiretapping in the 1920s during Prohibition to arrest bootleggers. In the 1927 case Olmstead v. United States, in which a bootlegger was caught through telephone tapping, the United States Supreme Court ruled that FBI wiretaps did not violate the Fourth Amendment as unlawful search and seizure, as long as the FBI did not break into a person's home to complete the tapping. After Prohibition's repeal, Congress passed the Communications Act of 1934, which outlawed non-consensual phone tapping, but allowed bugging. In the 1939 case Nardone v. United States, the court ruled that due to the 1934 law, evidence the FBI obtained by phone tapping was inadmissible in court. After the 1967 case Katz v. United States overturned the 1927 case that had allowed bugging, Congress passed the Omnibus Crime Control Act, allowing public authorities to tap telephones during investigations as long as they obtain a warrant beforehand.","Which president was the first to use wiretaps to find bootleggers?"
"93","In the Head Money Cases, the US Supreme Court ruled that treaties do have a privileged position over Acts of Congress.","contradiction","The Supreme Court ruled in the Head Money Cases that ""treaties"" do not have a privileged position over Acts of Congress and can be repealed or modified (for the purposes of U.S. law) by any subsequent Act of Congress, just like with any other regular law. The Supreme Court also ruled in Reid v. Covert that any treaty provision that conflicts with the Constitution are null and void under U.S. law.","In what cases did the US Supreme Court rule that treaties do not have a privileged position over Acts of Congress?"
"94","In the 19th century, an avalanche destroyed 120 homes in a village located near Zermatt.","factual","Glaciers end in ice caves (the Rhone Glacier), by trailing into a lake or river, or by shedding snowmelt on a meadow. Sometimes a piece of glacier will detach or break resulting in flooding, property damage and loss of life. In the 17th century about 2500 people were killed by an avalanche in a village on the French-Italian border; in the 19th century 120 homes in a village near Zermatt were destroyed by an avalanche.","How many homes in a village near Zermatt were destroyed by an avalanche in the 19th century? "
"95","Bulgaria gained independence within the Ottoman Empire as a result of the Russo-Turkish War.","factual","The Ottoman bashi-bazouks brutally suppressed the Bulgarian uprising of 1876, massacring up to 100,000 people in the process. The Russo-Turkish War (1877–78) ended with a decisive victory for Russia. As a result, Ottoman holdings in Europe declined sharply; Bulgaria was established as an independent principality inside the Ottoman Empire, Romania achieved full independence. Serbia and Montenegro finally gained complete independence, but with smaller territories. In 1878, Austria-Hungary unilaterally occupied the Ottoman provinces of Bosnia-Herzegovina and Novi Pazar.","Bulgaria became independent within the Empire as the result of what war?"
"96","Queen Victoria's coronation was held on 28th June 1838 at Westminster Abbey.","factual","","When did Victoria's coronation take place at Westminster Abbey?"
"97","Digital photo cameras are also referred to as digital still cameras.","factual","For digital photo cameras (""digital still cameras""), an exposure index (EI) rating—commonly called ISO setting—is specified by the manufacturer such that the sRGB image files produced by the camera will have a lightness similar to what would be obtained with film of the same EI rating at the same exposure. The usual design is that the camera's parameters for interpreting the sensor data values into sRGB values are fixed, and a number of different EI choices are accommodated by varying the sensor's signal gain in the analog realm, prior to conversion to digital. Some camera designs provide at least some EI choices by adjusting the sensor's signal gain in the digital realm. A few camera designs also provide EI adjustment through a choice of lightness parameters for the interpretation of sensor data values into sRGB; this variation allows different tradeoffs between the range of highlights that can be captured and the amount of noise introduced into the shadow areas of the photo.","What are digital photo cameras also called?"
"98","The Tower was originally used as a bridewell to incarcerate mainly drunks and minor criminals.","factual","The Tower has been inextricably linked with the Everton area since its construction in 1787. It was originally used as a bridewell to incarcerate mainly drunks and minor criminals, and it still stands today on Everton Brow in Netherfield Road. The tower was accompanied by two laurel wreaths on either side and, according to the College of Arms in London, Kelly chose to include the laurels as they were the sign of winners. The crest was accompanied by the club motto, ""Nil Satis Nisi Optimum"", meaning ""Nothing but the best is good enough"".","For what purpose was the Tower first used?"
"99","Bern was founded by Berthold V, who was the Duke of Zähringen.","factual","The medieval city is a foundation of the Zähringer ruling family, which rose to power in Upper Burgundy in the 12th century. According to 14th century historiography (Cronica de Berno, 1309), Bern was founded in 1191 by Berthold V, Duke of Zähringen.","Who founded Bern?"